Title,Summary,EventDate,DatePrecision,Category,Importance,SourceType,SourceKey,SourceUrl
Freddie Mercury born,"Freddie Mercury, Queen's lead vocalist and pianist, was born in Stone Town, Zanzibar.",1946-09-05,ExactDate,Birthday,95,Wikipedia,freddie-mercury-born-1946-09-05,https://en.wikipedia.org/wiki/Freddie_Mercury
Brian May born,"Brian May, Queen's lead guitarist, was born in Hampton, Middlesex, England.",1947-07-19,ExactDate,Birthday,85,Wikipedia,brian-may-born-1947-07-19,https://en.wikipedia.org/wiki/Brian_May
Roger Taylor born,"Roger Taylor, Queen's drummer, was born in King's Lynn, Norfolk, England.",1949-07-26,ExactDate,Birthday,85,Wikipedia,roger-taylor-born-1949-07-26,https://en.wikipedia.org/wiki/Roger_Taylor_(musician)
John Deacon born,"John Deacon, Queen's bassist, was born in Leicester, England.",1951-08-19,ExactDate,Birthday,85,Wikipedia,john-deacon-born-1951-08-19,https://en.wikipedia.org/wiki/John_Deacon
Smile forms,"Brian May and Roger Taylor form the band Smile, a precursor to Queen, with Tim Staffell.",1968-10,MonthYear,SiteHistory,60,Wikipedia,smile-forms-1968-10,https://en.wikipedia.org/wiki/Smile_(band)
Freddie Mercury joins the band,"Following Tim Staffell's departure from Smile, Freddie Mercury joins Brian May and Roger Taylor.",1970-04,MonthYear,SiteHistory,80,Wikipedia,freddie-mercury-joins-the-band-1970-04,https://en.wikipedia.org/wiki/Queen_(band)
Band renamed Queen,Freddie Mercury proposes the name Queen for the newly reformed band.,1970,YearOnly,SiteHistory,80,Wikipedia,band-renamed-queen-1970,https://en.wikipedia.org/wiki/Queen_(band)
Queen's first live performance,"The band, without a permanent bassist yet, plays its first gig as Queen at a college in Truro.",1970-06-27,ExactDate,Concert,70,Wikipedia,queen-s-first-live-performance-1970-06-27,https://en.wikipedia.org/wiki/Queen_(band)
John Deacon joins Queen,"John Deacon joins as bassist, completing the classic Queen lineup.",1971-02,MonthYear,SiteHistory,85,Wikipedia,john-deacon-joins-queen-1971-02,https://en.wikipedia.org/wiki/John_Deacon
Queen's classic line-up debut gig,"The definitive four-piece line-up of Mercury, May, Taylor and Deacon performs live for the first time.",1971-07-02,ExactDate,Concert,75,Wikipedia,queen-s-classic-line-up-debut-gig-1971-07-02,https://en.wikipedia.org/wiki/Queen_(band)
Freddie Mercury designs the Queen crest,"Freddie Mercury, a trained graphic designer, creates the band's iconic crest logo combining the members' zodiac signs.",1973,YearOnly,SiteHistory,60,Wikipedia,freddie-mercury-designs-the-queen-crest-1973,https://en.wikipedia.org/wiki/Queen_(band)
Queen signs with EMI,Queen signs a recording contract with EMI Records in the UK.,1972-11,MonthYear,SiteHistory,65,Wikipedia,queen-signs-with-emi-1972-11,https://en.wikipedia.org/wiki/Queen_(band)
Queen's first US tour begins,"Queen embarks on its first concert tour of North America, supporting Mott the Hoople.",1974-04-12,ExactDate,Concert,65,Wikipedia,queen-s-first-us-tour-begins-1974-04-12,https://en.wikipedia.org/wiki/Queen_(band)
Freddie Mercury's final concert with Queen,"Queen performs what becomes its last concert with Freddie Mercury, in Knebworth, England.",1986-08-09,ExactDate,Concert,90,Wikipedia,freddie-mercury-s-final-concert-with-queen-1986-08-09,https://en.wikipedia.org/wiki/Knebworth_Festival
Freddie Mercury reveals AIDS diagnosis publicly,"Freddie Mercury issues a statement confirming he has AIDS, one day before his death.",1991-11-23,ExactDate,Other,90,Wikipedia,freddie-mercury-reveals-aids-diagnosis-publicly-1991-11-23,https://en.wikipedia.org/wiki/Freddie_Mercury
Freddie Mercury dies,"Freddie Mercury dies at his home in Kensington, London, from bronchopneumonia related to AIDS.",1991-11-24,ExactDate,Other,100,Wikipedia,freddie-mercury-dies-1991-11-24,https://en.wikipedia.org/wiki/Freddie_Mercury
Freddie Mercury's funeral,"A private funeral service for Freddie Mercury, conducted according to Zoroastrian rites, is held in London.",1991-11-27,ExactDate,Other,75,Wikipedia,freddie-mercury-s-funeral-1991-11-27,https://en.wikipedia.org/wiki/Freddie_Mercury
John Deacon retires from music,John Deacon effectively retires from the music industry following the Party at the Palace performance.,1997,YearOnly,SiteHistory,55,Wikipedia,john-deacon-retires-from-music-1997,https://en.wikipedia.org/wiki/John_Deacon
Queen + Paul Rodgers announced,Brian May and Roger Taylor announce a touring collaboration with vocalist Paul Rodgers.,2004-09,MonthYear,SiteHistory,55,Wikipedia,queen-paul-rodgers-announced-2004-09,https://en.wikipedia.org/wiki/Queen_%2B_Paul_Rodgers
Queen + Adam Lambert first perform together,"Brian May and Roger Taylor perform with Adam Lambert for the first time, on the televised talent show American Idol.",2009-05-24,ExactDate,TVRadio,70,Wikipedia,queen-adam-lambert-first-perform-together-2009-05-24,https://en.wikipedia.org/wiki/Queen_%2B_Adam_Lambert
Queen + Adam Lambert tour announced,Queen and Adam Lambert announce an ongoing touring partnership.,2011-08,MonthYear,SiteHistory,60,Wikipedia,queen-adam-lambert-tour-announced-2011-08,https://en.wikipedia.org/wiki/Queen_%2B_Adam_Lambert
Bohemian Rhapsody biopic released,The Freddie Mercury/Queen biographical film Bohemian Rhapsody premieres in cinemas.,2018-10-24,ExactDate,Other,80,Wikipedia,bohemian-rhapsody-biopic-released-2018-10-24,https://en.wikipedia.org/wiki/Bohemian_Rhapsody_(film)
Queen released,Queen releases the album Queen. Debut studio album.,1973-07-13,ExactDate,Release,85,Wikipedia,queen-released-1973-07-13,https://en.wikipedia.org/wiki/Queen
Queen II released,"Queen releases the album Queen II. Second studio album, featuring 'Seven Seas of Rhye'.",1974-03-08,ExactDate,Release,82,Wikipedia,queen-ii-released-1974-03-08,https://en.wikipedia.org/wiki/Queen_II
Sheer Heart Attack released,"Queen releases the album Sheer Heart Attack. Third studio album, the band's commercial breakthrough.",1974-11-08,ExactDate,Release,85,Wikipedia,sheer-heart-attack-released-1974-11-08,https://en.wikipedia.org/wiki/Sheer_Heart_Attack
A Night at the Opera released,"Queen releases the album A Night at the Opera. Fourth studio album, featuring 'Bohemian Rhapsody'.",1975-11-21,ExactDate,Release,95,Wikipedia,a-night-at-the-opera-released-1975-11-21,https://en.wikipedia.org/wiki/A_Night_at_the_Opera
A Day at the Races released,"Queen releases the album A Day at the Races. Fifth studio album, featuring 'Somebody to Love'.",1976-12-10,ExactDate,Release,85,Wikipedia,a-day-at-the-races-released-1976-12-10,https://en.wikipedia.org/wiki/A_Day_at_the_Races
News of the World released,"Queen releases the album News of the World. Sixth studio album, featuring 'We Will Rock You' and 'We Are the Champions'.",1977-10-28,ExactDate,Release,92,Wikipedia,news-of-the-world-released-1977-10-28,https://en.wikipedia.org/wiki/News_of_the_World
Jazz released,"Queen releases the album Jazz. Seventh studio album, featuring 'Bicycle Race' and 'Fat Bottomed Girls'.",1978-11-10,ExactDate,Release,80,Wikipedia,jazz-released-1978-11-10,https://en.wikipedia.org/wiki/Jazz
Live Killers released,Queen releases the album Live Killers. First official live album.,1979-06-22,ExactDate,Release,65,Wikipedia,live-killers-released-1979-06-22,https://en.wikipedia.org/wiki/Live_Killers
The Game released,"Queen releases the album The Game. Eighth studio album, the band's first US number-one album.",1980-06-30,ExactDate,Release,90,Wikipedia,the-game-released-1980-06-30,https://en.wikipedia.org/wiki/The_Game
Flash Gordon released,Queen releases the album Flash Gordon. Soundtrack album for the film Flash Gordon.,1980-12-08,ExactDate,Release,60,Wikipedia,flash-gordon-released-1980-12-08,https://en.wikipedia.org/wiki/Flash_Gordon
Hot Space released,"Queen releases the album Hot Space. Ninth studio album, exploring funk and dance influences.",1982-05-21,ExactDate,Release,75,Wikipedia,hot-space-released-1982-05-21,https://en.wikipedia.org/wiki/Hot_Space
Greatest Hits released,"Queen releases the album Greatest Hits. First greatest hits compilation, later the UK's best-selling album.",1981-10-26,ExactDate,Release,90,Wikipedia,greatest-hits-released-1981-10-26,https://en.wikipedia.org/wiki/Greatest_Hits
The Works released,"Queen releases the album The Works. Tenth studio album, featuring 'Radio Ga Ga'.",1984-02-27,ExactDate,Release,85,Wikipedia,the-works-released-1984-02-27,https://en.wikipedia.org/wiki/The_Works
A Kind of Magic released,"Queen releases the album A Kind of Magic. Eleventh studio album, linked to the film Highlander.",1986-06-02,ExactDate,Release,82,Wikipedia,a-kind-of-magic-released-1986-06-02,https://en.wikipedia.org/wiki/A_Kind_of_Magic
Live Magic released,Queen releases the album Live Magic. Live album compiled from the Magic Tour.,1986-11-01,ExactDate,Release,55,Wikipedia,live-magic-released-1986-11-01,https://en.wikipedia.org/wiki/Live_Magic
The Miracle released,Queen releases the album The Miracle. Twelfth studio album.,1989-06-03,ExactDate,Release,78,Wikipedia,the-miracle-released-1989-06-03,https://en.wikipedia.org/wiki/The_Miracle
Innuendo released,"Queen releases the album Innuendo. Thirteenth studio album, the last released in Freddie Mercury's lifetime.",1991-02-04,ExactDate,Release,85,Wikipedia,innuendo-released-1991-02-04,https://en.wikipedia.org/wiki/Innuendo
Greatest Hits II released,Queen releases the album Greatest Hits II. Second greatest hits compilation.,1991-10-28,ExactDate,Release,80,Wikipedia,greatest-hits-ii-released-1991-10-28,https://en.wikipedia.org/wiki/Greatest_Hits_II
Made in Heaven released,"Queen releases the album Made in Heaven. Final studio album, completed after Freddie Mercury's death.",1995-11-06,ExactDate,Release,88,Wikipedia,made-in-heaven-released-1995-11-06,https://en.wikipedia.org/wiki/Made_in_Heaven
Greatest Hits III released,Queen releases the album Greatest Hits III. Third greatest hits compilation.,1999-11-08,ExactDate,Release,65,Wikipedia,greatest-hits-iii-released-1999-11-08,https://en.wikipedia.org/wiki/Greatest_Hits_III
Queen Rock Montreal released,Queen releases the album Queen Rock Montreal. Live album/film recorded at the 1981 Montreal shows.,2007-10-29,ExactDate,Release,55,Wikipedia,queen-rock-montreal-released-2007-10-29,https://en.wikipedia.org/wiki/Queen_Rock_Montreal
'Keep Yourself Alive' released,Queen releases the single 'Keep Yourself Alive'. Debut single.,1973-07-06,ExactDate,Release,55,Wikipedia,keep-yourself-alive-released-1973-07-06,https://en.wikipedia.org/wiki/List_of_songs_recorded_by_Queen
'Seven Seas of Rhye' released,"Queen releases the single 'Seven Seas of Rhye'. First UK top-ten hit, reaching number 10.",1974-02-23,ExactDate,Release,60,Wikipedia,seven-seas-of-rhye-released-1974-02-23,https://en.wikipedia.org/wiki/List_of_songs_recorded_by_Queen
'Killer Queen' released,Queen releases the single 'Killer Queen'. First major international hit single.,1974-10-11,ExactDate,Release,70,Wikipedia,killer-queen-released-1974-10-11,https://en.wikipedia.org/wiki/List_of_songs_recorded_by_Queen
'Now I'm Here' released,Queen releases the single 'Now I'm Here'.,1975-01-17,ExactDate,Release,50,Wikipedia,now-i-m-here-released-1975-01-17,https://en.wikipedia.org/wiki/List_of_songs_recorded_by_Queen
'Bohemian Rhapsody' released,"Queen releases the single 'Bohemian Rhapsody'. Landmark single combining rock, opera and ballad styles.",1975-10-31,ExactDate,Release,100,Wikipedia,bohemian-rhapsody-released-1975-10-31,https://en.wikipedia.org/wiki/List_of_songs_recorded_by_Queen
'You're My Best Friend' released,Queen releases the single 'You're My Best Friend'.,1976-05-18,ExactDate,Release,60,Wikipedia,you-re-my-best-friend-released-1976-05-18,https://en.wikipedia.org/wiki/List_of_songs_recorded_by_Queen
'Somebody to Love' released,Queen releases the single 'Somebody to Love'.,1976-11-12,ExactDate,Release,75,Wikipedia,somebody-to-love-released-1976-11-12,https://en.wikipedia.org/wiki/List_of_songs_recorded_by_Queen
'Tie Your Mother Down' released,Queen releases the single 'Tie Your Mother Down'.,1977-03-04,ExactDate,Release,50,Wikipedia,tie-your-mother-down-released-1977-03-04,https://en.wikipedia.org/wiki/List_of_songs_recorded_by_Queen
'Good Old-Fashioned Lover Boy' released,Queen releases the single 'Good Old-Fashioned Lover Boy'.,1977-05-20,ExactDate,Release,45,Wikipedia,good-old-fashioned-lover-boy-released-1977-05-20,https://en.wikipedia.org/wiki/List_of_songs_recorded_by_Queen
'We Are the Champions / We Will Rock You' released,Queen releases the single 'We Are the Champions / We Will Rock You'. Double A-side stadium anthem single.,1977-10-07,ExactDate,Release,90,Wikipedia,we-are-the-champions-we-will-rock-you-released-1977-10-07,https://en.wikipedia.org/wiki/List_of_songs_recorded_by_Queen
'Spread Your Wings' released,Queen releases the single 'Spread Your Wings'.,1978-02-10,ExactDate,Release,45,Wikipedia,spread-your-wings-released-1978-02-10,https://en.wikipedia.org/wiki/List_of_songs_recorded_by_Queen
'Mustapha' released,Queen releases the single 'Mustapha'.,1978-08,MonthYear,Release,40,Wikipedia,mustapha-released-1978-08,https://en.wikipedia.org/wiki/List_of_songs_recorded_by_Queen
'Bicycle Race / Fat Bottomed Girls' released,Queen releases the single 'Bicycle Race / Fat Bottomed Girls'.,1978-10-13,ExactDate,Release,60,Wikipedia,bicycle-race-fat-bottomed-girls-released-1978-10-13,https://en.wikipedia.org/wiki/List_of_songs_recorded_by_Queen
'Don't Stop Me Now' released,Queen releases the single 'Don't Stop Me Now'.,1979-01-26,ExactDate,Release,65,Wikipedia,don-t-stop-me-now-released-1979-01-26,https://en.wikipedia.org/wiki/List_of_songs_recorded_by_Queen
'Love of My Life (live)' released,Queen releases the single 'Love of My Life (live)'.,1979-06-15,ExactDate,Release,45,Wikipedia,love-of-my-life-live-released-1979-06-15,https://en.wikipedia.org/wiki/List_of_songs_recorded_by_Queen
'Crazy Little Thing Called Love' released,"Queen releases the single 'Crazy Little Thing Called Love'. Rockabilly-styled single, a US number-one hit.",1979-10-12,ExactDate,Release,80,Wikipedia,crazy-little-thing-called-love-released-1979-10-12,https://en.wikipedia.org/wiki/List_of_songs_recorded_by_Queen
'Save Me' released,Queen releases the single 'Save Me'.,1980-01-25,ExactDate,Release,45,Wikipedia,save-me-released-1980-01-25,https://en.wikipedia.org/wiki/List_of_songs_recorded_by_Queen
'Play the Game' released,Queen releases the single 'Play the Game'.,1980-05-30,ExactDate,Release,50,Wikipedia,play-the-game-released-1980-05-30,https://en.wikipedia.org/wiki/List_of_songs_recorded_by_Queen
'Another One Bites the Dust' released,Queen releases the single 'Another One Bites the Dust'. US number-one single with a driving bass riff by John Deacon.,1980-08-22,ExactDate,Release,88,Wikipedia,another-one-bites-the-dust-released-1980-08-22,https://en.wikipedia.org/wiki/List_of_songs_recorded_by_Queen
'Need Your Loving Tonight' released,Queen releases the single 'Need Your Loving Tonight'.,1980-10,MonthYear,Release,35,Wikipedia,need-your-loving-tonight-released-1980-10,https://en.wikipedia.org/wiki/List_of_songs_recorded_by_Queen
'Flash' released,Queen releases the single 'Flash'. Theme single from the film Flash Gordon.,1980-11-24,ExactDate,Release,45,Wikipedia,flash-released-1980-11-24,https://en.wikipedia.org/wiki/List_of_songs_recorded_by_Queen
'Under Pressure' released,Queen releases the single 'Under Pressure'. Collaboration single with David Bowie.,1981-10-26,ExactDate,Release,80,Wikipedia,under-pressure-released-1981-10-26,https://en.wikipedia.org/wiki/List_of_songs_recorded_by_Queen
'Body Language' released,Queen releases the single 'Body Language'.,1982-04-30,ExactDate,Release,40,Wikipedia,body-language-released-1982-04-30,https://en.wikipedia.org/wiki/List_of_songs_recorded_by_Queen
'Calling All Girls' released,Queen releases the single 'Calling All Girls'.,1982-07,MonthYear,Release,30,Wikipedia,calling-all-girls-released-1982-07,https://en.wikipedia.org/wiki/List_of_songs_recorded_by_Queen
'Las Palabras de Amor' released,Queen releases the single 'Las Palabras de Amor'.,1982-09,MonthYear,Release,30,Wikipedia,las-palabras-de-amor-released-1982-09,https://en.wikipedia.org/wiki/List_of_songs_recorded_by_Queen
'Radio Ga Ga' released,Queen releases the single 'Radio Ga Ga'.,1984-01-23,ExactDate,Release,78,Wikipedia,radio-ga-ga-released-1984-01-23,https://en.wikipedia.org/wiki/List_of_songs_recorded_by_Queen
'I Want to Break Free' released,Queen releases the single 'I Want to Break Free'. Single accompanied by a notable cross-dressing music video.,1984-04-02,ExactDate,Release,80,Wikipedia,i-want-to-break-free-released-1984-04-02,https://en.wikipedia.org/wiki/List_of_songs_recorded_by_Queen
'It's a Hard Life' released,Queen releases the single 'It's a Hard Life'.,1984-07-02,ExactDate,Release,45,Wikipedia,it-s-a-hard-life-released-1984-07-02,https://en.wikipedia.org/wiki/List_of_songs_recorded_by_Queen
'Hammer to Fall' released,Queen releases the single 'Hammer to Fall'.,1984-09-10,ExactDate,Release,55,Wikipedia,hammer-to-fall-released-1984-09-10,https://en.wikipedia.org/wiki/List_of_songs_recorded_by_Queen
'Thank God It's Christmas' released,Queen releases the single 'Thank God It's Christmas'.,1984-11-26,ExactDate,Release,35,Wikipedia,thank-god-it-s-christmas-released-1984-11-26,https://en.wikipedia.org/wiki/List_of_songs_recorded_by_Queen
'One Vision' released,Queen releases the single 'One Vision'.,1985-11-04,ExactDate,Release,55,Wikipedia,one-vision-released-1985-11-04,https://en.wikipedia.org/wiki/List_of_songs_recorded_by_Queen
'A Kind of Magic' released,Queen releases the single 'A Kind of Magic'.,1986-03-17,ExactDate,Release,60,Wikipedia,a-kind-of-magic-released-1986-03-17,https://en.wikipedia.org/wiki/List_of_songs_recorded_by_Queen
'Friends Will Be Friends' released,Queen releases the single 'Friends Will Be Friends'.,1986-06-09,ExactDate,Release,45,Wikipedia,friends-will-be-friends-released-1986-06-09,https://en.wikipedia.org/wiki/List_of_songs_recorded_by_Queen
'Who Wants to Live Forever' released,Queen releases the single 'Who Wants to Live Forever'.,1986-09-15,ExactDate,Release,55,Wikipedia,who-wants-to-live-forever-released-1986-09-15,https://en.wikipedia.org/wiki/List_of_songs_recorded_by_Queen
'One Year of Love' released,Queen releases the single 'One Year of Love'.,1986-11,MonthYear,Release,30,Wikipedia,one-year-of-love-released-1986-11,https://en.wikipedia.org/wiki/List_of_songs_recorded_by_Queen
'I Want It All' released,Queen releases the single 'I Want It All'.,1989-05-02,ExactDate,Release,55,Wikipedia,i-want-it-all-released-1989-05-02,https://en.wikipedia.org/wiki/List_of_songs_recorded_by_Queen
'Breakthru' released,Queen releases the single 'Breakthru'.,1989-06-19,ExactDate,Release,45,Wikipedia,breakthru-released-1989-06-19,https://en.wikipedia.org/wiki/List_of_songs_recorded_by_Queen
'The Invisible Man' released,Queen releases the single 'The Invisible Man'.,1989-09-04,ExactDate,Release,35,Wikipedia,the-invisible-man-released-1989-09-04,https://en.wikipedia.org/wiki/List_of_songs_recorded_by_Queen
'Scandal' released,Queen releases the single 'Scandal'.,1989-10-30,ExactDate,Release,30,Wikipedia,scandal-released-1989-10-30,https://en.wikipedia.org/wiki/List_of_songs_recorded_by_Queen
'The Miracle' released,Queen releases the single 'The Miracle'.,1989-11-27,ExactDate,Release,40,Wikipedia,the-miracle-released-1989-11-27,https://en.wikipedia.org/wiki/List_of_songs_recorded_by_Queen
'Innuendo' released,Queen releases the single 'Innuendo'. UK number-one single.,1991-01-14,ExactDate,Release,65,Wikipedia,innuendo-released-1991-01-14,https://en.wikipedia.org/wiki/List_of_songs_recorded_by_Queen
'I'm Going Slightly Mad' released,Queen releases the single 'I'm Going Slightly Mad'.,1991-03-04,ExactDate,Release,40,Wikipedia,i-m-going-slightly-mad-released-1991-03-04,https://en.wikipedia.org/wiki/List_of_songs_recorded_by_Queen
'Headlong' released,Queen releases the single 'Headlong'.,1991-05-06,ExactDate,Release,40,Wikipedia,headlong-released-1991-05-06,https://en.wikipedia.org/wiki/List_of_songs_recorded_by_Queen
'The Show Must Go On' released,Queen releases the single 'The Show Must Go On'.,1991-09-14,ExactDate,Release,70,Wikipedia,the-show-must-go-on-released-1991-09-14,https://en.wikipedia.org/wiki/List_of_songs_recorded_by_Queen
'Bohemian Rhapsody / These Are the Days of Our Lives' released,Queen releases the single 'Bohemian Rhapsody / These Are the Days of Our Lives'. Re-released as a double A-side following Freddie Mercury's death.,1991-12-09,ExactDate,Release,90,Wikipedia,bohemian-rhapsody-these-are-the-days-of-our-lives-released-1991-12-09,https://en.wikipedia.org/wiki/List_of_songs_recorded_by_Queen
'Heaven for Everyone' released,Queen releases the single 'Heaven for Everyone'.,1995-11-13,ExactDate,Release,40,Wikipedia,heaven-for-everyone-released-1995-11-13,https://en.wikipedia.org/wiki/List_of_songs_recorded_by_Queen
'Too Much Love Will Kill You' released,Queen releases the single 'Too Much Love Will Kill You'.,1996-05-27,ExactDate,Release,40,Wikipedia,too-much-love-will-kill-you-released-1996-05-27,https://en.wikipedia.org/wiki/List_of_songs_recorded_by_Queen
'You Don't Fool Me' released,Queen releases the single 'You Don't Fool Me'.,1996-11-04,ExactDate,Release,30,Wikipedia,you-don-t-fool-me-released-1996-11-04,https://en.wikipedia.org/wiki/List_of_songs_recorded_by_Queen
'Let Me Live' released,Queen releases the single 'Let Me Live'.,1996-01-08,ExactDate,Release,30,Wikipedia,let-me-live-released-1996-01-08,https://en.wikipedia.org/wiki/List_of_songs_recorded_by_Queen
'No One but You (Only the Good Die Young)' released,Queen releases the single 'No One but You (Only the Good Die Young)'.,1997-10-13,ExactDate,Release,40,Wikipedia,no-one-but-you-only-the-good-die-young-released-1997-10-13,https://en.wikipedia.org/wiki/List_of_songs_recorded_by_Queen
'Under Pressure (2011 remaster reissue)' released,Queen releases the single 'Under Pressure (2011 remaster reissue)'.,2011-09-12,ExactDate,Release,20,Wikipedia,under-pressure-2011-remaster-reissue-released-2011-09-12,https://en.wikipedia.org/wiki/List_of_songs_recorded_by_Queen
'You Are the Champions (charity remix)' released,Queen releases the single 'You Are the Champions (charity remix)'. Charity re-recording released to support COVID-19 relief efforts.,2020-04-24,ExactDate,Release,25,Wikipedia,you-are-the-champions-charity-remix-released-2020-04-24,https://en.wikipedia.org/wiki/List_of_songs_recorded_by_Queen
Bohemian Rhapsody hits UK number one (1975),"'Bohemian Rhapsody' reaches number one on the UK Singles Chart, where it remains for nine weeks.",1975-11-29,ExactDate,Other,95,Wikipedia,bohemian-rhapsody-hits-uk-number-one-1975-1975-11-29,https://en.wikipedia.org/wiki/Bohemian_Rhapsody
Bohemian Rhapsody returns to UK number one (1991),"Following Freddie Mercury's death, the re-released 'Bohemian Rhapsody' returns to number one on the UK Singles Chart.",1991-12-21,ExactDate,Other,95,Wikipedia,bohemian-rhapsody-returns-to-uk-number-one-1991-1991-12-21,https://en.wikipedia.org/wiki/Bohemian_Rhapsody
Another One Bites the Dust hits US number one,'Another One Bites the Dust' reaches number one on the Billboard Hot 100.,1980-10-04,ExactDate,Other,75,Wikipedia,another-one-bites-the-dust-hits-us-number-one-1980-10-04,https://en.wikipedia.org/wiki/Another_One_Bites_the_Dust
Crazy Little Thing Called Love hits US number one,'Crazy Little Thing Called Love' reaches number one on the Billboard Hot 100.,1980-03-01,ExactDate,Other,70,Wikipedia,crazy-little-thing-called-love-hits-us-number-one-1980-03-01,https://en.wikipedia.org/wiki/Crazy_Little_Thing_Called_Love
Under Pressure hits UK number one,"'Under Pressure', Queen's collaboration with David Bowie, reaches number one on the UK Singles Chart.",1981-11-14,ExactDate,Other,70,Wikipedia,under-pressure-hits-uk-number-one-1981-11-14,https://en.wikipedia.org/wiki/Under_Pressure_(song)
Innuendo hits UK number one,The title track and album 'Innuendo' both reach number one in the UK.,1991-02-16,ExactDate,Other,60,Wikipedia,innuendo-hits-uk-number-one-1991-02-16,https://en.wikipedia.org/wiki/Innuendo_(song)
Bohemian Rhapsody becomes most-streamed 20th-century song,'Bohemian Rhapsody' is certified by YouTube/streaming platforms as the most-streamed song from the 20th century.,2018-12,MonthYear,Other,70,Wikipedia,bohemian-rhapsody-becomes-most-streamed-20th-century-song-2018-12,https://en.wikipedia.org/wiki/Bohemian_Rhapsody
Bohemian Rhapsody surpasses one billion YouTube views,The official music video for 'Bohemian Rhapsody' becomes the first pre-1990s video to surpass one billion YouTube views.,2019-07-23,ExactDate,Other,70,Wikipedia,bohemian-rhapsody-surpasses-one-billion-youtube-views-2019-07-23,https://en.wikipedia.org/wiki/Bohemian_Rhapsody
Greatest Hits becomes UK's best-selling album,Queen's Greatest Hits is certified as the best-selling album in UK chart history.,2019-01,MonthYear,Other,65,Wikipedia,greatest-hits-becomes-uk-s-best-selling-album-2019-01,https://en.wikipedia.org/wiki/Greatest_Hits_(Queen_album)
Queen's first Japanese show,"Tokyo, first date of the band's inaugural Japanese tour.",1975-04-19,ExactDate,Concert,55,Wikipedia,queen-s-first-japanese-show-1975-04-19,https://en.wikipedia.org/wiki/Queen_(band)
Queen at Hyde Park (free concert),Free open-air concert in London's Hyde Park drawing a record crowd.,1976-09-18,ExactDate,Concert,70,Wikipedia,queen-at-hyde-park-free-concert-1976-09-18,https://en.wikipedia.org/wiki/Queen_(band)
Queen's Rainbow Theatre 'A Night at the Opera' shows,London concerts filmed for later release.,1975-12-17,ExactDate,Concert,45,Wikipedia,queen-s-rainbow-theatre-a-night-at-the-opera-shows-1975-12-17,https://en.wikipedia.org/wiki/Queen_(band)
Queen at Madison Square Garden,New York concert on the A Day at the Races tour.,1977-02-18,ExactDate,Concert,45,Wikipedia,queen-at-madison-square-garden-1977-02-18,https://en.wikipedia.org/wiki/Queen_(band)
"Queen at the Summit, Houston (filmed)",Concert later released on video.,1977-12-11,ExactDate,Concert,40,Wikipedia,queen-at-the-summit-houston-filmed-1977-12-11,https://en.wikipedia.org/wiki/Queen_(band)
Queen's News of the World tour opens,Queen performs live at this show.,1977-11-11,ExactDate,Concert,40,Wikipedia,queen-s-news-of-the-world-tour-opens-1977-11-11,https://en.wikipedia.org/wiki/Queen_(band)
Queen tours South America (first Western rock band),"Queen becomes one of the first major rock acts to tour South America, opening in Buenos Aires.",1981-02-28,ExactDate,Concert,65,Wikipedia,queen-tours-south-america-first-western-rock-band-1981-02-28,https://en.wikipedia.org/wiki/Queen_(band)
"Queen at Estadio Morumbi, Sao Paulo",One of the largest paying concert audiences to that point.,1981-03-20,ExactDate,Concert,45,Wikipedia,queen-at-estadio-morumbi-sao-paulo-1981-03-20,https://en.wikipedia.org/wiki/Queen_(band)
Queen at Milton Keynes Bowl,Hot Space tour date in England.,1982-06-05,ExactDate,Concert,45,Wikipedia,queen-at-milton-keynes-bowl-1982-06-05,https://en.wikipedia.org/wiki/Queen_(band)
Queen performs in Budapest,"One of the first major Western rock concerts held behind the Iron Curtain, at Nepstadion.",1986-07-27,ExactDate,Concert,65,Wikipedia,queen-performs-in-budapest-1986-07-27,https://en.wikipedia.org/wiki/Queen_(band)
Queen at Wembley Stadium (Magic Tour),First of two sold-out Wembley Stadium shows on the Magic Tour.,1986-07-11,ExactDate,Concert,70,Wikipedia,queen-at-wembley-stadium-magic-tour-1986-07-11,https://en.wikipedia.org/wiki/Queen_(band)
Queen's Live Aid performance,Queen's 21-minute Wembley Stadium set at Live Aid is widely regarded as one of the greatest live performances in rock history.,1985-07-13,ExactDate,Concert,100,Wikipedia,queen-s-live-aid-performance-1985-07-13,https://en.wikipedia.org/wiki/Queen_(band)
Queen at Rock in Rio (night 1),Queen performs live at this show.,1985-01-11,ExactDate,Concert,55,Wikipedia,queen-at-rock-in-rio-night-1-1985-01-11,https://en.wikipedia.org/wiki/Queen_(band)
Queen at Rock in Rio (night 2),Queen performs live at this show.,1985-01-18,ExactDate,Concert,45,Wikipedia,queen-at-rock-in-rio-night-2-1985-01-18,https://en.wikipedia.org/wiki/Queen_(band)
The Freddie Mercury Tribute Concert,All-star tribute concert at Wembley Stadium raising AIDS awareness.,1992-04-20,ExactDate,Concert,90,Wikipedia,the-freddie-mercury-tribute-concert-1992-04-20,https://en.wikipedia.org/wiki/Queen_(band)
Queen + Paul Rodgers at 46664 concert,Cape Town AIDS-awareness benefit concert.,2005-11-27,ExactDate,Concert,40,Wikipedia,queen-paul-rodgers-at-46664-concert-2005-11-27,https://en.wikipedia.org/wiki/Queen_(band)
Queen + Adam Lambert at Fire Fight Australia,Bushfire relief benefit concert in Sydney.,2020-02-16,ExactDate,Concert,45,Wikipedia,queen-adam-lambert-at-fire-fight-australia-2020-02-16,https://en.wikipedia.org/wiki/Queen_(band)
Queen's first US concert,"Denver, opening night of the band's first North American tour.",1974-04-16,ExactDate,Concert,50,Wikipedia,queen-s-first-us-concert-1974-04-16,https://en.wikipedia.org/wiki/Queen_(band)
Queen at the Rainbow Theatre (Sheer Heart Attack tour),Queen performs live at this show.,1974-11-20,ExactDate,Concert,35,Wikipedia,queen-at-the-rainbow-theatre-sheer-heart-attack-tour-1974-11-20,https://en.wikipedia.org/wiki/Queen_(band)
"Queen headlines the Empire Pool, Wembley",Queen performs live at this show.,1977-06-06,ExactDate,Concert,40,Wikipedia,queen-headlines-the-empire-pool-wembley-1977-06-06,https://en.wikipedia.org/wiki/Queen_(band)
Queen's Magic Tour begins,"Opens in Stockholm, Sweden.",1986-06-07,ExactDate,Concert,55,Wikipedia,queen-s-magic-tour-begins-1986-06-07,https://en.wikipedia.org/wiki/Queen_(band)
Queen's Works Tour opens,Brussels.,1984-08-24,ExactDate,Concert,45,Wikipedia,queen-s-works-tour-opens-1984-08-24,https://en.wikipedia.org/wiki/Queen_(band)
"Queen at Sun City, South Africa",Controversial shows during the cultural boycott era.,1984-10-05,ExactDate,Concert,40,Wikipedia,queen-at-sun-city-south-africa-1984-10-05,https://en.wikipedia.org/wiki/Queen_(band)
Queen at the Bologna Estate show,Queen performs live at this show.,1984-09-03,ExactDate,Concert,35,Wikipedia,queen-at-the-bologna-estate-show-1984-09-03,https://en.wikipedia.org/wiki/Queen_(band)
"Queen at Ibrox Park, Glasgow",Queen performs live at this show.,1986-08-01,ExactDate,Concert,40,Wikipedia,queen-at-ibrox-park-glasgow-1986-08-01,https://en.wikipedia.org/wiki/Queen_(band)
"Queen at St James' Park, Newcastle",Queen performs live at this show.,1986-07-20,ExactDate,Concert,35,Wikipedia,queen-at-st-james-park-newcastle-1986-07-20,https://en.wikipedia.org/wiki/Queen_(band)
"Queen at the Forum, Los Angeles (Jazz tour)",Queen performs live at this show.,1978-11-29,ExactDate,Concert,35,Wikipedia,queen-at-the-forum-los-angeles-jazz-tour-1978-11-29,https://en.wikipedia.org/wiki/Queen_(band)
Queen's final full concert tour (Magic Tour) ends,"Knebworth Park, England.",1986-08-09,ExactDate,Concert,70,Wikipedia,queen-s-final-full-concert-tour-magic-tour-ends-1986-08-09,https://en.wikipedia.org/wiki/Queen_(band)
Bohemian Rhapsody recording sessions begin,"Sessions for 'Bohemian Rhapsody' begin at Rockfield Studios, Wales.",1975-08-24,ExactDate,Recording,85,Wikipedia,bohemian-rhapsody-recording-sessions-begin-1975-08-24,https://en.wikipedia.org/wiki/Queen_(band)
Bohemian Rhapsody music video filmed,The band films the promotional video for 'Bohemian Rhapsody' at Elstree Studios.,1975-11-10,ExactDate,Recording,80,Wikipedia,bohemian-rhapsody-music-video-filmed-1975-11-10,https://en.wikipedia.org/wiki/Queen_(band)
Queen begins recording debut album,Sessions for the album Queen begin at Trident Studios and De Lane Lea Studios.,1971-11,MonthYear,Recording,50,Wikipedia,queen-begins-recording-debut-album-1971-11,https://en.wikipedia.org/wiki/Queen_(band)
Bicycle Race recording sessions,Queen records 'Bicycle Race' for the album Jazz.,1978-07,MonthYear,Recording,30,Wikipedia,bicycle-race-recording-sessions-1978-07,https://en.wikipedia.org/wiki/Queen_(band)
Under Pressure recording session with David Bowie,"Queen and David Bowie record 'Under Pressure' in a single overnight session at Mountain Studios, Montreux.",1981-07-29,ExactDate,Recording,65,Wikipedia,under-pressure-recording-session-with-david-bowie-1981-07-29,https://en.wikipedia.org/wiki/Queen_(band)
I Want to Break Free video shoot,"The band films the music video for 'I Want to Break Free', featuring the members in drag.",1984-03,MonthYear,Recording,55,Wikipedia,i-want-to-break-free-video-shoot-1984-03,https://en.wikipedia.org/wiki/Queen_(band)
These Are the Days of Our Lives video filmed,"Filmed in black and white, this becomes Freddie Mercury's final on-camera appearance.",1991-05-30,ExactDate,Recording,60,Wikipedia,these-are-the-days-of-our-lives-video-filmed-1991-05-30,https://en.wikipedia.org/wiki/Queen_(band)
Made in Heaven vocal sessions,"Freddie Mercury records final vocal tracks at Mountain Studios, Montreux, knowing his illness was terminal.",1991-03,MonthYear,Recording,55,Wikipedia,made-in-heaven-vocal-sessions-1991-03,https://en.wikipedia.org/wiki/Queen_(band)
The Show Must Go On vocal take,Freddie Mercury records the vocal for 'The Show Must Go On' in a single session despite failing health.,1991-04,MonthYear,Recording,50,Wikipedia,the-show-must-go-on-vocal-take-1991-04,https://en.wikipedia.org/wiki/Queen_(band)
A Kind of Magic video shoot,The band films the animated/live-action video for 'A Kind of Magic'.,1986-05,MonthYear,Recording,30,Wikipedia,a-kind-of-magic-video-shoot-1986-05,https://en.wikipedia.org/wiki/Queen_(band)
Ivor Novello Award for Bohemian Rhapsody,Songwriters win the Ivor Novello Award for 'Bohemian Rhapsody' as the year's best song.,1976-01,MonthYear,Award,65,Wikipedia,ivor-novello-award-for-bohemian-rhapsody-1976-01,https://en.wikipedia.org/wiki/Queen_(band)
Queen wins Best British Group at first Brit Awards,Queen wins Best British Group at the inaugural Brit Awards.,1977-02,MonthYear,Award,55,Wikipedia,queen-wins-best-british-group-at-first-brit-awards-1977-02,https://en.wikipedia.org/wiki/Queen_(band)
Bohemian Rhapsody named Best British Single at Brit Awards,'Bohemian Rhapsody' is voted Best British Single of the previous 25 years.,1977-02,MonthYear,Award,55,Wikipedia,bohemian-rhapsody-named-best-british-single-at-brit-awards-1977-02,https://en.wikipedia.org/wiki/Queen_(band)
Queen wins American Music Award,Queen receives an American Music Award for Favorite Pop/Rock Video.,1981-01-31,ExactDate,Award,40,Wikipedia,queen-wins-american-music-award-1981-01-31,https://en.wikipedia.org/wiki/Queen_(band)
Freddie Mercury Award for Outstanding Contribution at Brit Awards,Queen receives the Outstanding Contribution to British Music award at the Brit Awards; Freddie Mercury's final public appearance.,1990-02-18,ExactDate,Award,80,Wikipedia,freddie-mercury-award-for-outstanding-contribution-at-brit-awards-1990-02-18,https://en.wikipedia.org/wiki/Queen_(band)
"Bohemian Rhapsody wins Best British Single (again, posthumous)",The re-released 'Bohemian Rhapsody' wins Best British Single at the Brit Awards.,1992-02-11,ExactDate,Award,60,Wikipedia,bohemian-rhapsody-wins-best-british-single-again-posthumous-1992-02-11,https://en.wikipedia.org/wiki/Queen_(band)
Queen inducted into the UK Music Hall of Fame,Queen is inducted into the UK Music Hall of Fame.,2004-11-16,ExactDate,Award,60,Wikipedia,queen-inducted-into-the-uk-music-hall-of-fame-2004-11-16,https://en.wikipedia.org/wiki/Queen_(band)
Queen inducted into Rock and Roll Hall of Fame,Queen is inducted into the Rock and Roll Hall of Fame in New York.,2001-03-19,ExactDate,Award,85,Wikipedia,queen-inducted-into-rock-and-roll-hall-of-fame-2001-03-19,https://en.wikipedia.org/wiki/Queen_(band)
Freddie Mercury statue unveiled in Montreux,"A bronze statue of Freddie Mercury is unveiled on the shore of Lake Geneva in Montreux, Switzerland.",1996-11-25,ExactDate,Award,60,Wikipedia,freddie-mercury-statue-unveiled-in-montreux-1996-11-25,https://en.wikipedia.org/wiki/Queen_(band)
Queen receives Ivor Novello Lifetime Achievement Award,Songwriting body honors Queen's catalogue with a lifetime achievement award.,2005-05-19,ExactDate,Award,55,Wikipedia,queen-receives-ivor-novello-lifetime-achievement-award-2005-05-19,https://en.wikipedia.org/wiki/Queen_(band)
Bohemian Rhapsody (film) wins Best Picture - Drama at Golden Globes,"The Freddie Mercury biopic wins Best Motion Picture, Drama, at the Golden Globe Awards.",2019-01-06,ExactDate,Award,70,Wikipedia,bohemian-rhapsody-film-wins-best-picture-drama-at-golden-globes-2019-01-06,https://en.wikipedia.org/wiki/Queen_(band)
Rami Malek wins Best Actor Oscar for Bohemian Rhapsody,Rami Malek wins the Academy Award for Best Actor for portraying Freddie Mercury.,2019-02-24,ExactDate,Award,70,Wikipedia,rami-malek-wins-best-actor-oscar-for-bohemian-rhapsody-2019-02-24,https://en.wikipedia.org/wiki/Queen_(band)
Bohemian Rhapsody (film) wins Best Film Editing Oscar,The film wins the Academy Award for Best Film Editing.,2019-02-24,ExactDate,Award,55,Wikipedia,bohemian-rhapsody-film-wins-best-film-editing-oscar-2019-02-24,https://en.wikipedia.org/wiki/Queen_(band)
Queen awarded Silver Clef Lifetime Achievement Award,Queen receives the Silver Clef Award recognizing lifetime achievement.,1990-06,MonthYear,Award,40,Wikipedia,queen-awarded-silver-clef-lifetime-achievement-award-1990-06,https://en.wikipedia.org/wiki/Queen_(band)
Bohemian Rhapsody inducted into Grammy Hall of Fame,Recording is inducted into the Grammy Hall of Fame recognizing its historical significance.,2004,YearOnly,Award,45,Wikipedia,bohemian-rhapsody-inducted-into-grammy-hall-of-fame-2004,https://en.wikipedia.org/wiki/Queen_(band)
Queen honoured with a star on Hollywood Walk of Fame,Queen is honoured with a star on the Hollywood Walk of Fame.,2002,YearOnly,Award,45,Wikipedia,queen-honoured-with-a-star-on-hollywood-walk-of-fame-2002,https://en.wikipedia.org/wiki/Queen_(band)
Queen performs Seven Seas of Rhye on Top of the Pops,Queen's breakthrough UK television performance on Top of the Pops.,1974-03-07,ExactDate,TVRadio,45,Wikipedia,queen-performs-seven-seas-of-rhye-on-top-of-the-pops-1974-03-07,https://en.wikipedia.org/wiki/Queen_(band)
Bohemian Rhapsody video premieres on Top of the Pops,"Rather than perform live, Queen supplies its newly filmed promotional video to Top of the Pops, an early example of the format.",1975-11-20,ExactDate,TVRadio,70,Wikipedia,bohemian-rhapsody-video-premieres-on-top-of-the-pops-1975-11-20,https://en.wikipedia.org/wiki/Queen_(band)
Kenny Everett previews Bohemian Rhapsody on radio,"DJ Kenny Everett plays an advance copy of 'Bohemian Rhapsody' repeatedly on his BBC radio show, building anticipation before release.",1975-10-01,ExactDate,TVRadio,55,Wikipedia,kenny-everett-previews-bohemian-rhapsody-on-radio-1975-10-01,https://en.wikipedia.org/wiki/Queen_(band)
Queen appears on Top of the Pops for We Are the Champions,Television performance promoting the News of the World single.,1977-10-13,ExactDate,TVRadio,35,Wikipedia,queen-appears-on-top-of-the-pops-for-we-are-the-champions-1977-10-13,https://en.wikipedia.org/wiki/Queen_(band)
Queen's Rock in Rio broadcast,Performance broadcast to a large South American television audience.,1985-01-11,ExactDate,TVRadio,30,Wikipedia,queen-s-rock-in-rio-broadcast-1985-01-11,https://en.wikipedia.org/wiki/Queen_(band)
Live Aid global broadcast,Queen's performance is broadcast live to an estimated global audience of nearly two billion via television.,1985-07-13,ExactDate,TVRadio,85,Wikipedia,live-aid-global-broadcast-1985-07-13,https://en.wikipedia.org/wiki/Queen_(band)
Freddie Mercury Tribute Concert broadcast worldwide,The tribute concert is broadcast live to over 70 countries.,1992-04-20,ExactDate,TVRadio,65,Wikipedia,freddie-mercury-tribute-concert-broadcast-worldwide-1992-04-20,https://en.wikipedia.org/wiki/Queen_(band)
Queen documentary Days of Our Lives airs on BBC,BBC broadcasts the two-part documentary chronicling the band's history.,2011-05-30,ExactDate,TVRadio,40,Wikipedia,queen-documentary-days-of-our-lives-airs-on-bbc-2011-05-30,https://en.wikipedia.org/wiki/Queen_(band)
Queen perform at the Party at the Palace,Brian May opens the Golden Jubilee concert at Buckingham Palace with a guitar solo of 'God Save the Queen' from the palace roof.,2002-06-03,ExactDate,TVRadio,55,Wikipedia,queen-perform-at-the-party-at-the-palace-2002-06-03,https://en.wikipedia.org/wiki/Queen_(band)
Brian May completes PhD in astrophysics,"Brian May is awarded a PhD in astrophysics from Imperial College London, having paused his studies decades earlier to pursue music.",2007-08,MonthYear,Other,40,Wikipedia,brian-may-completes-phd-in-astrophysics-2007-08,https://en.wikipedia.org/wiki/Queen_(band)
Brian May appointed Chancellor of Liverpool John Moores University,Brian May takes on the ceremonial role of Chancellor.,2008-01,MonthYear,Other,30,Wikipedia,brian-may-appointed-chancellor-of-liverpool-john-moores-university-2008-01,https://en.wikipedia.org/wiki/Queen_(band)
Brian May and Roger Taylor knighted,Brian May and Roger Taylor receive honours recognizing their contributions to music.,2023-06,MonthYear,Other,40,Wikipedia,brian-may-and-roger-taylor-knighted-2023-06,https://en.wikipedia.org/wiki/Queen_(band)
We Will Rock You musical opens in London's West End,The Ben Elton jukebox musical based on Queen's songs premieres at the Dominion Theatre.,2002-05-14,ExactDate,Other,55,Wikipedia,we-will-rock-you-musical-opens-in-london-s-west-end-2002-05-14,https://en.wikipedia.org/wiki/Queen_(band)
Bohemian Rhapsody biopic begins filming,Principal photography begins on the Queen biographical film.,2017-09-05,ExactDate,Other,45,Wikipedia,bohemian-rhapsody-biopic-begins-filming-2017-09-05,https://en.wikipedia.org/wiki/Queen_(band)
Queen II Tour opens,"Opening night of the Queen II Tour, Blackpool, England.",1974-03-01,ExactDate,Concert,30,Wikipedia,queen-ii-tour-opens-1974-03-01,https://en.wikipedia.org/wiki/Queen_(band)
Sheer Heart Attack Tour opens,Opening night of the Sheer Heart Attack UK tour.,1974-10-31,ExactDate,Concert,30,Wikipedia,sheer-heart-attack-tour-opens-1974-10-31,https://en.wikipedia.org/wiki/Queen_(band)
A Night at the Opera Tour opens,Opening night of the A Night at the Opera Tour.,1975-11-14,ExactDate,Concert,35,Wikipedia,a-night-at-the-opera-tour-opens-1975-11-14,https://en.wikipedia.org/wiki/Queen_(band)
A Day at the Races Tour opens,"Opening night of the A Day at the Races Tour, US leg.",1977-01-14,ExactDate,Concert,30,Wikipedia,a-day-at-the-races-tour-opens-1977-01-14,https://en.wikipedia.org/wiki/Queen_(band)
Jazz Tour opens,Opening night of the Jazz Tour.,1978-10-28,ExactDate,Concert,30,Wikipedia,jazz-tour-opens-1978-10-28,https://en.wikipedia.org/wiki/Queen_(band)
Crazy Tour of London,"Short, low-key Crazy Tour through small UK venues.",1979-05-12,ExactDate,Concert,30,Wikipedia,crazy-tour-of-london-1979-05-12,https://en.wikipedia.org/wiki/Queen_(band)
The Game Tour opens,"Opening night of The Game Tour, Rotterdam.",1980-06-30,ExactDate,Concert,35,Wikipedia,the-game-tour-opens-1980-06-30,https://en.wikipedia.org/wiki/Queen_(band)
Queen's first-ever South American tour show,"Buenos Aires, Argentina - opening night of the South American leg.",1981-02-28,ExactDate,Concert,45,Wikipedia,queen-s-first-ever-south-american-tour-show-1981-02-28,https://en.wikipedia.org/wiki/Queen_(band)
"Queen at Estadio Nacional, Santiago",Chile concert on The Game tour's South American leg.,1981-04-05,ExactDate,Concert,35,Wikipedia,queen-at-estadio-nacional-santiago-1981-04-05,https://en.wikipedia.org/wiki/Queen_(band)
Hot Space Tour opens,"Opening night of the Hot Space Tour, Brussels.",1982-04-26,ExactDate,Concert,30,Wikipedia,hot-space-tour-opens-1982-04-26,https://en.wikipedia.org/wiki/Queen_(band)
The Works Tour opens,"Opening night of The Works Tour, Brussels.",1984-08-24,ExactDate,Concert,35,Wikipedia,the-works-tour-opens-1984-08-24,https://en.wikipedia.org/wiki/Queen_(band)
"Queen at Maracana Stadium, Rio de Janeiro",Queen headlines Rock in Rio at the Maracana Stadium.,1985-01-11,ExactDate,Concert,45,Wikipedia,queen-at-maracana-stadium-rio-de-janeiro-1985-01-11,https://en.wikipedia.org/wiki/Queen_(band)
Magic Tour continental European leg opens,"Stockholm, Sweden - opening night of the Magic Tour.",1986-06-07,ExactDate,Concert,35,Wikipedia,magic-tour-continental-european-leg-opens-1986-06-07,https://en.wikipedia.org/wiki/Queen_(band)
"Queen at Slane Castle, Ireland","Magic Tour concert at Slane Castle, County Meath.",1986-07-05,ExactDate,Concert,40,Wikipedia,queen-at-slane-castle-ireland-1986-07-05,https://en.wikipedia.org/wiki/Queen_(band)
"Queen at the NEC, Birmingham",UK arena date on the Magic Tour.,1986-12-01,ExactDate,Concert,25,Wikipedia,queen-at-the-nec-birmingham-1986-12-01,https://en.wikipedia.org/wiki/Queen_(band)
Queen at Munich Olympiahalle (last European tour date),One of the final continental European dates of the Magic Tour.,1986-07-30,ExactDate,Concert,30,Wikipedia,queen-at-munich-olympiahalle-last-european-tour-date-1986-07-30,https://en.wikipedia.org/wiki/Queen_(band)
We Are the Champions certified for chart impact in US,'We Are the Champions' peaks at number four on the Billboard Hot 100.,1978-01-21,ExactDate,Other,45,Wikipedia,we-are-the-champions-certified-for-chart-impact-in-us-1978-01-21,https://en.wikipedia.org/wiki/Queen_(band)
Killer Queen reaches UK number two,'Killer Queen' peaks at number two on the UK Singles Chart.,1974-11-16,ExactDate,Other,45,Wikipedia,killer-queen-reaches-uk-number-two-1974-11-16,https://en.wikipedia.org/wiki/Queen_(band)
Somebody to Love reaches UK number two,'Somebody to Love' peaks at number two on the UK Singles Chart.,1976-12-04,ExactDate,Other,40,Wikipedia,somebody-to-love-reaches-uk-number-two-1976-12-04,https://en.wikipedia.org/wiki/Queen_(band)
Bohemian Rhapsody tops US Billboard Hot 100 (1992 re-release),"Following its use in Wayne's World, 'Bohemian Rhapsody' re-enters and rises on the Billboard Hot 100.",1992-03-14,ExactDate,Other,60,Wikipedia,bohemian-rhapsody-tops-us-billboard-hot-100-1992-re-release-1992-03-14,https://en.wikipedia.org/wiki/Queen_(band)
Fat Bottomed Girls/Bicycle Race reaches UK number 11,Double A-side single peak position on the UK chart.,1978-10-28,ExactDate,Other,30,Wikipedia,fat-bottomed-girls-bicycle-race-reaches-uk-number-11-1978-10-28,https://en.wikipedia.org/wiki/Queen_(band)
Don't Stop Me Now certified as streaming favourite,"'Don't Stop Me Now' surpasses hundreds of millions of streams, becoming one of Queen's most-streamed catalogue tracks.",2019-02,MonthYear,Other,35,Wikipedia,don-t-stop-me-now-certified-as-streaming-favourite-2019-02,https://en.wikipedia.org/wiki/Queen_(band)
Radio Ga Ga peaks at UK number two,'Radio Ga Ga' peaks at number two on the UK Singles Chart.,1984-02-04,ExactDate,Other,35,Wikipedia,radio-ga-ga-peaks-at-uk-number-two-1984-02-04,https://en.wikipedia.org/wiki/Queen_(band)
I Want to Break Free peaks at UK number three,Single peak chart position in the UK.,1984-04-21,ExactDate,Other,30,Wikipedia,i-want-to-break-free-peaks-at-uk-number-three-1984-04-21,https://en.wikipedia.org/wiki/Queen_(band)
Greatest Hits certified multi-platinum in UK,Greatest Hits is certified for exceptionally high UK sales.,1988,YearOnly,Other,40,Wikipedia,greatest-hits-certified-multi-platinum-in-uk-1988,https://en.wikipedia.org/wiki/Queen_(band)
News of the World certified platinum in the US,The album News of the World receives US platinum certification.,1978,YearOnly,Other,35,Wikipedia,news-of-the-world-certified-platinum-in-the-us-1978,https://en.wikipedia.org/wiki/Queen_(band)
Queen wins Ivor Novello for Crazy Little Thing Called Love,Songwriting honour recognizing 'Crazy Little Thing Called Love'.,1980-01,MonthYear,Award,35,Wikipedia,queen-wins-ivor-novello-for-crazy-little-thing-called-love-1980-01,https://en.wikipedia.org/wiki/Queen_(band)
Queen receives Grammy nomination for Bohemian Rhapsody (film soundtrack),The Bohemian Rhapsody soundtrack album is recognized at the Grammy Awards cycle.,2019-02-10,ExactDate,Award,40,Wikipedia,queen-receives-grammy-nomination-for-bohemian-rhapsody-film-soundtrack-2019-02-10,https://en.wikipedia.org/wiki/Queen_(band)
Freddie Mercury inducted individually into Songwriters Hall of Fame consideration,Freddie Mercury's songwriting catalogue receives continued industry recognition.,2003,YearOnly,Award,30,Wikipedia,freddie-mercury-inducted-individually-into-songwriters-hall-of-fame-consideration-2003,https://en.wikipedia.org/wiki/Queen_(band)
Queen wins BRIT Award for Best Live Act (retrospective recognition),"Queen's live legacy, including Live Aid, is honoured at the Brit Awards ceremony.",2005-02-09,ExactDate,Award,35,Wikipedia,queen-wins-brit-award-for-best-live-act-retrospective-recognition-2005-02-09,https://en.wikipedia.org/wiki/Queen_(band)
Bohemian Rhapsody named greatest song of all time by UK poll,A UK television poll votes 'Bohemian Rhapsody' the greatest song of all time.,2002-01,MonthYear,Award,45,Wikipedia,bohemian-rhapsody-named-greatest-song-of-all-time-by-uk-poll-2002-01,https://en.wikipedia.org/wiki/Queen_(band)
Queen's Greatest Hits named best-selling album of all time in UK (Official Charts),The Official Charts Company confirms Greatest Hits as the UK's all-time best-selling album.,2019-01-15,ExactDate,Award,55,Wikipedia,queen-s-greatest-hits-named-best-selling-album-of-all-time-in-uk-official-charts-2019-01-15,https://en.wikipedia.org/wiki/Queen_(band)
We Will Rock You written and demoed,"Brian May writes and demos 'We Will Rock You', built around a foot-stomp rhythm.",1977-08,MonthYear,Recording,40,Wikipedia,we-will-rock-you-written-and-demoed-1977-08,https://en.wikipedia.org/wiki/Queen_(band)
Somebody to Love recording sessions,Queen records the gospel-influenced 'Somebody to Love' with multi-tracked vocal harmonies.,1976-08,MonthYear,Recording,35,Wikipedia,somebody-to-love-recording-sessions-1976-08,https://en.wikipedia.org/wiki/Queen_(band)
Killer Queen recording sessions,"Queen records 'Killer Queen' at Trident Studios, London.",1974-06,MonthYear,Recording,35,Wikipedia,killer-queen-recording-sessions-1974-06,https://en.wikipedia.org/wiki/Queen_(band)
Another One Bites the Dust recording sessions,"John Deacon writes and largely records 'Another One Bites the Dust' at Musicland Studios, Munich.",1980-03,MonthYear,Recording,45,Wikipedia,another-one-bites-the-dust-recording-sessions-1980-03,https://en.wikipedia.org/wiki/Queen_(band)
News of the World cover art created,"Artist Frank Kelly Freas creates the album's robot cover artwork, inspired by a 1953 science-fiction magazine cover.",1977-09,MonthYear,Recording,25,Wikipedia,news-of-the-world-cover-art-created-1977-09,https://en.wikipedia.org/wiki/Queen_(band)
The Show Must Go On video assembled from archive footage,Music video for 'The Show Must Go On' is compiled largely from archival tour footage due to Freddie Mercury's declining health.,1991-09,MonthYear,Recording,35,Wikipedia,the-show-must-go-on-video-assembled-from-archive-footage-1991-09,https://en.wikipedia.org/wiki/Queen_(band)
Queen performs on The Old Grey Whistle Test,Queen appears on the influential BBC music programme.,1974-04,MonthYear,TVRadio,30,Wikipedia,queen-performs-on-the-old-grey-whistle-test-1974-04,https://en.wikipedia.org/wiki/Queen_(band)
Queen's Rio de Janeiro concert broadcast to Brazilian TV,Rock in Rio performance broadcast to a national television audience.,1985-01-19,ExactDate,TVRadio,25,Wikipedia,queen-s-rio-de-janeiro-concert-broadcast-to-brazilian-tv-1985-01-19,https://en.wikipedia.org/wiki/Queen_(band)
A Kind of Magic promo aired heavily on music television,The music video receives heavy rotation on MTV and other music channels.,1986-06,MonthYear,TVRadio,20,Wikipedia,a-kind-of-magic-promo-aired-heavily-on-music-television-1986-06,https://en.wikipedia.org/wiki/Queen_(band)
Freddie Mercury's last interview footage recorded,"Freddie Mercury gives one of his final on-camera interviews, later used in retrospectives.",1991-05,MonthYear,TVRadio,45,Wikipedia,freddie-mercury-s-last-interview-footage-recorded-1991-05,https://en.wikipedia.org/wiki/Queen_(band)
"Queen at the Odeon, Birmingham",Early UK concert date shortly after the debut album's release.,1973-09-02,ExactDate,Concert,25,Wikipedia,queen-at-the-odeon-birmingham-1973-09-02,https://en.wikipedia.org/wiki/Queen_(band)
"Queen supports Mott the Hoople at Uris Theatre, New York",US date on the co-headlining support tour with Mott the Hoople.,1974-05-01,ExactDate,Concert,30,Wikipedia,queen-supports-mott-the-hoople-at-uris-theatre-new-york-1974-05-01,https://en.wikipedia.org/wiki/Queen_(band)
"Queen at the Palais des Sports, Paris",European date on the Jazz Tour.,1979-01-26,ExactDate,Concert,25,Wikipedia,queen-at-the-palais-des-sports-paris-1979-01-26,https://en.wikipedia.org/wiki/Queen_(band)
"Queen at Nippon Budokan, Tokyo",Japanese tour date at the famed Budokan arena.,1976-04-19,ExactDate,Concert,30,Wikipedia,queen-at-nippon-budokan-tokyo-1976-04-19,https://en.wikipedia.org/wiki/Queen_(band)
Queen at the LA Forum (The Game tour),US arena date on The Game Tour.,1980-07-11,ExactDate,Concert,30,Wikipedia,queen-at-the-la-forum-the-game-tour-1980-07-11,https://en.wikipedia.org/wiki/Queen_(band)
Queen at Frankfurt Festhalle,European date on the Jazz Tour.,1979-02-01,ExactDate,Concert,20,Wikipedia,queen-at-frankfurt-festhalle-1979-02-01,https://en.wikipedia.org/wiki/Queen_(band)
"Queen at the Nassau Coliseum, New York",US arena date on the Hot Space Tour.,1982-08-02,ExactDate,Concert,25,Wikipedia,queen-at-the-nassau-coliseum-new-york-1982-08-02,https://en.wikipedia.org/wiki/Queen_(band)
"Queen at Vorst Nationaal, Brussels",Opening night venue of The Works Tour.,1984-08-24,ExactDate,Concert,25,Wikipedia,queen-at-vorst-nationaal-brussels-1984-08-24,https://en.wikipedia.org/wiki/Queen_(band)
"Queen at Wiener Stadthalle, Vienna",European date on The Works Tour.,1984-09-14,ExactDate,Concert,20,Wikipedia,queen-at-wiener-stadthalle-vienna-1984-09-14,https://en.wikipedia.org/wiki/Queen_(band)
"Queen at Bercy, Paris (Magic Tour)",French tour date on the Magic Tour.,1986-06-26,ExactDate,Concert,25,Wikipedia,queen-at-bercy-paris-magic-tour-1986-06-26,https://en.wikipedia.org/wiki/Queen_(band)
"Queen at Maimarkthalle, Mannheim",European tour date on The Works Tour.,1984-11-01,ExactDate,Concert,20,Wikipedia,queen-at-maimarkthalle-mannheim-1984-11-01,https://en.wikipedia.org/wiki/Queen_(band)
"Queen at Ahoy, Rotterdam (The Game Tour opener)","Opening night of The Game Tour, Rotterdam.",1980-06-30,ExactDate,Concert,30,Wikipedia,queen-at-ahoy-rotterdam-the-game-tour-opener-1980-06-30,https://en.wikipedia.org/wiki/Queen_(band)
Queen at Wembley Arena (Works tour UK leg),UK arena date on The Works Tour.,1984-09-01,ExactDate,Concert,25,Wikipedia,queen-at-wembley-arena-works-tour-uk-leg-1984-09-01,https://en.wikipedia.org/wiki/Queen_(band)
"Queen at Leiden, Groenoordhallen",European date on the Jazz Tour.,1979-02-16,ExactDate,Concert,20,Wikipedia,queen-at-leiden-groenoordhallen-1979-02-16,https://en.wikipedia.org/wiki/Queen_(band)
"Queen at Sports Arena, San Diego",US date on the News of the World tour.,1977-12-16,ExactDate,Concert,20,Wikipedia,queen-at-sports-arena-san-diego-1977-12-16,https://en.wikipedia.org/wiki/Queen_(band)
Queen 40th anniversary reissue campaign begins,Universal Music begins reissuing Queen's studio albums with bonus content for the band's fortieth anniversary.,2011-01,MonthYear,Release,30,Wikipedia,queen-40th-anniversary-reissue-campaign-begins-2011-01,https://en.wikipedia.org/wiki/Queen_(band)
Bohemian Rhapsody (The Original Soundtrack) released,Soundtrack album to the Bohemian Rhapsody film is released.,2018-10-19,ExactDate,Release,45,Wikipedia,bohemian-rhapsody-the-original-soundtrack-released-2018-10-19,https://en.wikipedia.org/wiki/Queen_(band)
Live at Wembley '86 released,Live album and video documenting the Magic Tour's Wembley Stadium shows.,1992-06-01,ExactDate,Release,55,Wikipedia,live-at-wembley-86-released-1992-06-01,https://en.wikipedia.org/wiki/Queen_(band)
Queen Rocks compilation released,Compilation focused on the band's harder rock tracks.,1997-11-10,ExactDate,Release,35,Wikipedia,queen-rocks-compilation-released-1997-11-10,https://en.wikipedia.org/wiki/Queen_(band)
Queen on Fire: Live at the Bowl released,Live album from the 1982 Milton Keynes Bowl concert.,2004-10-11,ExactDate,Release,30,Wikipedia,queen-on-fire-live-at-the-bowl-released-2004-10-11,https://en.wikipedia.org/wiki/Queen_(band)
The Platinum Collection released,Three-disc collection combining Greatest Hits I-III.,2000-11-06,ExactDate,Release,30,Wikipedia,the-platinum-collection-released-2000-11-06,https://en.wikipedia.org/wiki/Queen_(band)
Absolute Greatest released,Single-disc greatest hits compilation.,2009-11-16,ExactDate,Release,25,Wikipedia,absolute-greatest-released-2009-11-16,https://en.wikipedia.org/wiki/Queen_(band)
Bohemian Rhapsody: The Original Soundtrack tops UK album chart,The film soundtrack album reaches number one on the UK Albums Chart.,2018-11,MonthYear,Release,40,Wikipedia,bohemian-rhapsody-the-original-soundtrack-tops-uk-album-chart-2018-11,https://en.wikipedia.org/wiki/Queen_(band)
News of the World 40th anniversary reissue released,Expanded reissue marking the album's fortieth anniversary.,2017-11-17,ExactDate,Release,30,Wikipedia,news-of-the-world-40th-anniversary-reissue-released-2017-11-17,https://en.wikipedia.org/wiki/Queen_(band)
A Night at the Opera 40th anniversary picture disc released,Special vinyl reissue for the album's fortieth anniversary.,2015-11-27,ExactDate,Release,25,Wikipedia,a-night-at-the-opera-40th-anniversary-picture-disc-released-2015-11-27,https://en.wikipedia.org/wiki/Queen_(band)
Queen wins Q Award for Merit,Queen receives the Q Award for Merit recognizing its body of work.,1994-11,MonthYear,Award,35,Wikipedia,queen-wins-q-award-for-merit-1994-11,https://en.wikipedia.org/wiki/Queen_(band)
Queen receives video innovation recognition around The Works,Queen's video innovation receives industry recognition around the release of The Works.,1984-09,MonthYear,Award,25,Wikipedia,queen-receives-video-innovation-recognition-around-the-works-1984-09,https://en.wikipedia.org/wiki/Queen_(band)
Freddie Mercury posthumously honoured at MTV Video Music Awards,Freddie Mercury and Queen are honoured at the MTV Video Music Awards following his death.,1992-09-09,ExactDate,Award,40,Wikipedia,freddie-mercury-posthumously-honoured-at-mtv-video-music-awards-1992-09-09,https://en.wikipedia.org/wiki/Queen_(band)
Queen receives Diamond Award at World Music Awards,Queen is recognized for outstanding worldwide album sales.,1990-05,MonthYear,Award,30,Wikipedia,queen-receives-diamond-award-at-world-music-awards-1990-05,https://en.wikipedia.org/wiki/Queen_(band)
Bohemian Rhapsody wins Best Song Lyric industry poll,A UK industry poll names 'Bohemian Rhapsody' as having the nation's favourite lyric.,1999-08,MonthYear,Award,25,Wikipedia,bohemian-rhapsody-wins-best-song-lyric-industry-poll-1999-08,https://en.wikipedia.org/wiki/Queen_(band)
Killer Queen video promo filmed,Promotional film for 'Killer Queen' is produced ahead of the single's release.,1974-10,MonthYear,Recording,25,Wikipedia,killer-queen-video-promo-filmed-1974-10,https://en.wikipedia.org/wiki/Queen_(band)
Flash Gordon score recording sessions,"Queen records the soundtrack score for the film Flash Gordon at The Town House, London.",1980-03,MonthYear,Recording,30,Wikipedia,flash-gordon-score-recording-sessions-1980-03,https://en.wikipedia.org/wiki/Queen_(band)
The Miracle sessions begin,Recording sessions for the album The Miracle begin at Mountain Studios and Townhouse Studios.,1988-01,MonthYear,Recording,35,Wikipedia,the-miracle-sessions-begin-1988-01,https://en.wikipedia.org/wiki/Queen_(band)
Innuendo title track recording sessions,"Queen records the epic title track 'Innuendo' at Metropolis Studios, London.",1990-11,MonthYear,Recording,35,Wikipedia,innuendo-title-track-recording-sessions-1990-11,https://en.wikipedia.org/wiki/Queen_(band)
Made in Heaven sessions completed by remaining members,"Brian May, Roger Taylor and John Deacon complete production on Made in Heaven using Freddie Mercury's final vocal recordings.",1995-06,MonthYear,Recording,45,Wikipedia,made-in-heaven-sessions-completed-by-remaining-members-1995-06,https://en.wikipedia.org/wiki/Queen_(band)
Queen performs on Musikladen (German TV),Early German television performance helping build the band's European audience.,1974-01,MonthYear,TVRadio,25,Wikipedia,queen-performs-on-musikladen-german-tv-1974-01,https://en.wikipedia.org/wiki/Queen_(band)
Queen's Live Aid set voted greatest live performance in poll,A UK industry poll of musicians votes Queen's Live Aid set the greatest live performance in rock history.,2005-11,MonthYear,TVRadio,40,Wikipedia,queen-s-live-aid-set-voted-greatest-live-performance-in-poll-2005-11,https://en.wikipedia.org/wiki/Queen_(band)
Queen: The Legendary 1975 Concert restored footage broadcast,Restored footage of the 1975 Hammersmith Odeon Christmas concert is broadcast and released.,2015-05-11,ExactDate,TVRadio,25,Wikipedia,queen-the-legendary-1975-concert-restored-footage-broadcast-2015-05-11,https://en.wikipedia.org/wiki/Queen_(band)
